reference_id,source_type,evidence_family,included_in_primary_synthesis,doi,citation
1,review,secondary_evidence,no,10.1016/S0007-8506(07)60034-1,"Weckenmann A, Estler T, Peggs G, McMurtry D. Probing systems in dimensional metrology[J]. CIRP Annals, 2004, 53(2): 657-684. DOI: 10.1016/S0007-8506(07)60034-1."
2,review,secondary_evidence,no,10.3390/app6050150,"Thalmann R, Meli F, Küng A. State of the art of tactile micro coordinate metrology[J]. Applied Sciences, 2016, 6(5): 150. DOI: 10.3390/app6050150."
3,review,secondary_evidence,no,10.3390/metrology2010004,"Watanabe Y. Surface-sensing principle of microprobe system for micro-scale coordinate metrology: A review[J]. Metrology, 2022, 2(1): 46-72. DOI: 10.3390/metrology2010004."
4,review,secondary_evidence,no,10.3390/metrology3020009,"Hovell T, Petzing J, Guo W, et al. Measurement techniques for three-dimensional metrology of high aspect ratio internal features—A review[J]. Metrology, 2023, 3(2): 139-168. DOI: 10.3390/metrology3020009."
5,review,secondary_evidence,no,10.1016/j.measurement.2022.111794,"Jiao F, Liu L, Cheng W, et al. Review of optical measurement techniques for measuring three-dimensional topography of inner-wall-shaped parts[J]. Measurement, 2022, 202: 111794. DOI: 10.1016/j.measurement.2022.111794."
6,primary_study,tactile_probe,yes,10.1016/S0263-2241(96)00068-1,"Mayer J R R, Ghazzar A, Rossy O. 3D characterisation, modelling and compensation of the pre-travel of a kinematic touch trigger probe[J]. Measurement, 1996, 19(2): 83-94. DOI: 10.1016/S0263-2241(96)00068-1."
7,primary_study,tactile_probe,yes,10.1016/j.measurement.2003.05.001,"Woźniak A, Dobosz M. Metrological feasibilities of CMM touch trigger probes. Part I: 3D theoretical model of probe pretravel[J]. Measurement, 2003, 34(4): 273-286. DOI: 10.1016/j.measurement.2003.05.001."
8,primary_study,tactile_probe,yes,10.1016/j.measurement.2003.05.002,"Dobosz M, Woźniak A. Metrological feasibilities of CMM touch trigger probes. Part II: Experimental verification[J]. Measurement, 2003, 34(4): 287-299. DOI: 10.1016/j.measurement.2003.05.002."
9,primary_study,tactile_probe,yes,10.1016/S0007-8506(07)62363-4,"Zhang G X, Yang S M. A 3D probe for measuring small blind holes[J]. CIRP Annals, 1995, 44(1): 461-464. DOI: 10.1016/S0007-8506(07)62363-4."
10,primary_study,tactile_probe,yes,10.1109/JSEN.2008.2006701,"Peiner E, Balke M, Doering L. Slender tactile sensor for contour and roughness measurements within deep and narrow holes[J]. IEEE Sensors Journal, 2008, 8(12): 1960-1967. DOI: 10.1109/JSEN.2008.2006701."
11,primary_study,tactile_probe,yes,10.1007/s00542-009-0951-x,"Peiner E, Doering L. MEMS cantilever sensor for non-destructive metrology within high-aspect-ratio micro holes[J]. Microsystem Technologies, 2010, 16: 1259-1268. DOI: 10.1007/s00542-009-0951-x."
12,primary_study,tactile_probe,yes,10.1016/j.precisioneng.2005.07.004,"Muralikrishnan B, Stone J A, Stoup J R. Fiber deflection probe for small hole metrology[J]. Precision Engineering, 2006, 30(2): 154-164. DOI: 10.1016/j.precisioneng.2005.07.004."
13,primary_study,tactile_probe,yes,10.1016/j.sna.2012.10.030,"Cui J, Li L, Li J, Tan J. Fiber probe for micro-hole measurement based on detection of returning light energy[J]. Sensors and Actuators A: Physical, 2013, 190: 13-18. DOI: 10.1016/j.sna.2012.10.030."
14,primary_study,tactile_probe,yes,10.1364/OL.39.002868,"Cui J, Feng K, Li J, Tan J. Development of a double fiber probe with a single fiber Bragg grating for dimensional measurement of microholes with high aspect ratios[J]. Optics Letters, 2014, 39(10): 2868-2871. DOI: 10.1364/OL.39.002868."
15,primary_study,tactile_probe,yes,10.1088/0957-0233/27/7/074005,"Cui J, Li J, Feng K, et al. A 3D fiber probe based on orthogonal micro focal-length collimation and fiber Bragg grating[J]. Measurement Science and Technology, 2016, 27(7): 074005. DOI: 10.1088/0957-0233/27/7/074005."
16,primary_study,tactile_probe,yes,10.1016/j.measurement.2015.11.048,"Wedmann A, Kniel K, Krah T, Härtig F. T-shaped microprobe and gap measurement standard for inner microstructures[J]. Measurement, 2016, 94: 949-953. DOI: 10.1016/j.measurement.2015.11.048."
17,primary_study,passive_endoscopic_vision,yes,10.3837/tiis.2019.08.019,"Kim H S, Park Y S. Object dimension estimation for remote visual inspection in borescope systems[J]. KSII Transactions on Internet and Information Systems, 2019, 13(8): 4160-4173. DOI: 10.3837/tiis.2019.08.019."
18,primary_study,passive_endoscopic_vision,yes,10.1109/IROS.2011.6094911,"Hansen P, Alismail H, Browning B, Rander P. Stereo visual odometry for pipe mapping[C]//2011 IEEE/RSJ International Conference on Intelligent Robots and Systems. 2011: 4020-4025. DOI: 10.1109/IROS.2011.6094911."
19,primary_study,passive_endoscopic_vision,yes,10.1177/0278364914550133,"Hansen P, Alismail H, Rander P, Browning B. Visual mapping for natural gas pipe inspection[J]. The International Journal of Robotics Research, 2015, 34(4-5): 532-558. DOI: 10.1177/0278364914550133."
20,primary_study,passive_endoscopic_vision,yes,10.1109/ISIE45063.2020.9152377,"Kagami S, Taira H, Miyashita N, et al. 3D pipe network reconstruction based on structure from motion with incremental conic shape detection and cylindrical constraint[C]//2020 IEEE International Symposium on Industrial Electronics. 2020: 1345-1352. DOI: 10.1109/ISIE45063.2020.9152377."
21,primary_study,passive_endoscopic_vision,yes,10.1088/1361-6501/ac39d0,"Cheng Y Q, Li W L, Jiang C, et al. A novel cooling hole inspection method for turbine blade using 3D reconstruction of stereo vision[J]. Measurement Science and Technology, 2022, 33(1): 015018. DOI: 10.1088/1361-6501/ac39d0."
22,primary_study,passive_endoscopic_vision,yes,10.1109/TIM.2024.3470955,"Yang L, Zhou F, Li X, et al. 3-D vision measurement system and method for small-diameter pipeline[J]. IEEE Transactions on Instrumentation and Measurement, 2024, 73: 1-11. DOI: 10.1109/TIM.2024.3470955."
23,primary_study,passive_endoscopic_vision,yes,10.1109/34.888718,"Zhang Z. A flexible new technique for camera calibration[J]. IEEE Transactions on Pattern Analysis and Machine Intelligence, 2000, 22(11): 1330-1334. DOI: 10.1109/34.888718."
24,primary_study,passive_endoscopic_vision,yes,10.1109/ACCESS.2021.3118345,"Gu Y, Lv J, Bo J, et al. Joint dense 3D reconstruction method for endoscopic images of weak texture scenes[J]. IEEE Access, 2021, 9: 138254-138266. DOI: 10.1109/ACCESS.2021.3118345."
25,primary_study,active_optical_probe,yes,10.1117/12.999878,"Wakayama T, Machi K, Yoshizawa T. Small size probe for inner profile measurement of pipes using optical fiber ring beam device[C]//Proceedings of SPIE. 2012, 8563: 85630L. DOI: 10.1117/12.999878."
26,primary_study,active_optical_probe,yes,10.1115/MSEC2018-6453,"Zhu Y, Wang L, Gu Y, et al. A laser triangulation-based 3D measurement system for inner surface of deep holes[C]//ASME 2018 International Manufacturing Science and Engineering Conference. 2018: MSEC2018-6453. DOI: 10.1115/MSEC2018-6453."
27,primary_study,active_optical_probe,yes,10.1016/j.measurement.2023.112930,"Li T, Duan F, Fu X, et al. A novel method for 3D reconstruction in tight and restricted space based on improved line-structured light[J]. Measurement, 2023, 216: 112930. DOI: 10.1016/j.measurement.2023.112930."
28,primary_study,active_optical_probe,yes,10.1109/JSEN.2021.3086415,"Alzuhiri M, Farrag K, Lever E, Deng Y. An electronically stabilized multi-color multi-ring structured light sensor for gas pipelines internal surface inspection[J]. IEEE Sensors Journal, 2021, 21(17): 19416-19426. DOI: 10.1109/JSEN.2021.3086415."
29,primary_study,active_optical_probe,yes,10.1088/1361-6501/ad4bfb,"Li X, Deng C, Wu Y, et al. Accuracy improvement of a multi-ring beam structured inner surface measurement: Via novel calibration methodology and light source optimization[J]. Measurement Science and Technology, 2024, 35(9): 095002. DOI: 10.1088/1361-6501/ad4bfb."
30,primary_study,active_optical_probe,yes,10.3390/s25092843,"Li Z, Fang C, Zhang X. A full-profile measurement method for an inner wall with narrow-aperture and large-cavity parts based on line-structured light rotary scanning[J]. Sensors, 2025, 25(9): 2843. DOI: 10.3390/s25092843."
31,primary_study,active_optical_probe,yes,10.1007/s41871-021-00120-8,"Bai J, Wang Y, Wang X, et al. Three-probe error separation with chromatic confocal sensors for roundness measurement[J]. Nanomanufacturing and Metrology, 2021, 4: 247-255. DOI: 10.1007/s41871-021-00120-8."
32,primary_study,active_optical_probe,yes,10.3390/s25226863,"Liu Y, Yu D, Du H, Chen T. Measurement of form and position error of small-diameter deep holes based on collaboration between a lateral confocal displacement sensor and helical scanning[J]. Sensors, 2025, 25(22): 6863. DOI: 10.3390/s25226863."
33,primary_study,active_optical_probe,yes,10.3788/COL201109.071202,"Pfeifer T, Schmitt R, König N, Mallmann G F. Interferometric measurement of injection nozzles using ultra-small fiber-optical probes[J]. Chinese Optics Letters, 2011, 9(7): 071202. DOI: 10.3788/COL201109.071202."
34,primary_study,active_optical_probe,yes,10.4028/www.scientific.net/KEM.523-524.871,"Matsui K, Matsumoto H, Takahashi S, Takamasu K. New non-contact measurement of small inside-diameter using tandem low-coherence interferometer and optical fiber devices[J]. Key Engineering Materials, 2012, 523-524: 871-876. DOI: 10.4028/www.scientific.net/KEM.523-524.871."
35,primary_study,active_optical_probe,yes,10.1109/JSEN.2019.2960939,"Jackson W E, Dobie G, MacLeod C, et al. Error analysis and calibration for a novel pipe profiling tool[J]. IEEE Sensors Journal, 2020, 20(7): 3545-3555. DOI: 10.1109/JSEN.2019.2960939."
36,metrology_guide_or_standard,review_method_or_standard,no,10.59161/JCGM100-2008E,JCGM. Evaluation of measurement data—Guide to the expression of uncertainty in measurement: JCGM 100:2008[S]. 2008. DOI: 10.59161/JCGM100-2008E.
37,metrology_guide_or_standard,review_method_or_standard,no,10.59161/JCGM101-2008,JCGM. Evaluation of measurement data—Supplement 1 to the GUM—Propagation of distributions using a Monte Carlo method: JCGM 101:2008[S]. 2008. DOI: 10.59161/JCGM101-2008.
38,primary_study,industrial_application,yes,10.3390/s22145191,"Middendorf P, Blümel R, Hinz L, et al. Pose estimation and damage characterization of turbine blades during inspection cycles and component-protective disassembly processes[J]. Sensors, 2022, 22(14): 5191. DOI: 10.3390/s22145191."
39,primary_study,industrial_application,yes,10.3390/s16111897,"García I, Zubia J, Durana G, et al. Tip-clearance measurement in the first stage of the compressor of an aircraft engine[J]. Sensors, 2016, 16(11): 1897. DOI: 10.3390/s16111897."
40,metrology_guide_or_standard,review_method_or_standard,no,,"ISO. ISO 10360-5:2020 Geometrical product specifications (GPS)—Acceptance and reverification tests for coordinate measuring systems (CMS)—Part 5: CMMs using single and multiple stylus contacting probing systems[S]. Geneva: ISO, 2020."
41,metrology_guide_or_standard,review_method_or_standard,no,,"ISO. ISO 10360-13:2021 Geometrical product specifications (GPS)—Acceptance and reverification tests for coordinate measuring systems (CMS)—Part 13: Optical 3D CMS[S]. Geneva: ISO, 2021."
42,metrology_guide_or_standard,review_method_or_standard,no,,"ISO. ISO 15530-3:2011 Geometrical product specifications (GPS)—Coordinate measuring machines (CMM): Technique for determining the uncertainty of measurement—Part 3: Use of calibrated workpieces or measurement standards[S]. Geneva: ISO, 2011."
43,review_method,review_method_or_standard,no,10.1136/bmj.n71,"Page M J, McKenzie J E, Bossuyt P M, et al. The PRISMA 2020 statement: An updated guideline for reporting systematic reviews[J]. BMJ, 2021, 372: n71. DOI: 10.1136/bmj.n71."
44,review_method,review_method_or_standard,no,10.1186/s13643-020-01542-z,"Rethlefsen M L, Kirtley S, Waffenschmidt S, et al. PRISMA-S: An extension to the PRISMA statement for reporting literature searches in systematic reviews[J]. Systematic Reviews, 2021, 10: 39. DOI: 10.1186/s13643-020-01542-z."
45,review_method,review_method_or_standard,no,10.1136/bmj.l6890,"Campbell M, McKenzie J E, Sowden A, et al. Synthesis without meta-analysis (SWiM) in systematic reviews: Reporting guideline[J]. BMJ, 2020, 368: l6890. DOI: 10.1136/bmj.l6890."
46,review_method,review_method_or_standard,no,10.1109/ACCESS.2022.3148206,"Castillo A, Grbović P J. The APISSER methodology for systematic literature reviews in engineering[J]. IEEE Access, 2022, 10: 23700-23707. DOI: 10.1109/ACCESS.2022.3148206."
47,metrology_guide_or_standard,review_method_or_standard,no,10.59161/JCGM200-2012,JCGM. International vocabulary of metrology—Basic and general concepts and associated terms (VIM): JCGM 200:2012[S]. 3rd ed. 2012. DOI: 10.59161/JCGM200-2012.
48,metrology_guide_or_standard,review_method_or_standard,no,,"ISO. ISO 5725-1:2023 Accuracy (trueness and precision) of measurement methods and results—Part 1: General principles and definitions[S]. Geneva: ISO, 2023."
49,primary_study,tactile_probe,yes,10.1016/S0141-6359(96)00040-2,"Estler W T, Phillips S D, Borchardt B R, et al. Error compensation for CMM touch trigger probes[J]. Precision Engineering, 1996, 19(2-3): 85-97. DOI: 10.1016/S0141-6359(96)00040-2."
50,primary_study,tactile_probe,yes,10.1115/1.2830156,"Shen Y L, Springer M E. A robust pretravel model for touch trigger probes in coordinate metrology[J]. Journal of Manufacturing Science and Engineering, 1998, 120(3): 532-539. DOI: 10.1115/1.2830156."
51,primary_study,tactile_probe,yes,10.1016/S0007-8506(07)62516-5,"Masuzawa T, Hamasaki Y, Fujino M. Vibroscanning method for nondestructive measurement of small holes[J]. CIRP Annals, 1993, 42(1): 589-592. DOI: 10.1016/S0007-8506(07)62516-5."
52,primary_study,tactile_probe,yes,10.1016/S0007-8506(07)60860-9,"Masuzawa T, Kim B, Bergaud C, Fujino M. Twin-probe vibroscanning method for dimensional measurement of microholes[J]. CIRP Annals, 1997, 46(1): 437-440. DOI: 10.1016/S0007-8506(07)60860-9."
53,primary_study,tactile_probe,yes,10.1088/0957-0233/10/8/304,"Kim B, Masuzawa T, Bourouina T. The vibroscanning method for the measurement of micro-hole profiles[J]. Measurement Science and Technology, 1999, 10(8): 697-705. DOI: 10.1088/0957-0233/10/8/304."
54,primary_study,tactile_probe,yes,10.1007/s005429900037,"Yamamoto M, Takeuchi H, Aoki S. Dimensional measurement of high aspect ratio micro structures with a resonating micro cantilever probe[J]. Microsystem Technologies, 2000, 6(5): 179-183. DOI: 10.1007/s005429900037."
55,primary_study,tactile_probe,yes,10.1016/S0007-8506(07)62140-4,"Schwenke H, WäldeIe F, Weiskirch C, Kunzmann H. Opto-tactile sensor for 2D and 3D measurement of small structures on coordinate measuring machines[J]. CIRP Annals, 2001, 50(1): 361-364. DOI: 10.1016/S0007-8506(07)62140-4."
56,primary_study,tactile_probe,yes,10.1088/0957-0233/18/2/S01,"Küng A, Meli F, Thalmann R. Ultraprecision micro-CMM using a low force 3D touch probe[J]. Measurement Science and Technology, 2007, 18(2): 319-327. DOI: 10.1088/0957-0233/18/2/S01."
57,primary_study,tactile_probe,yes,10.1088/0957-0233/20/8/084001,"Dai G, Bütefisch S, Pohlenz F, Danzebrink H U. A high precision micro/nano CMM using piezoresistive tactile probes[J]. Measurement Science and Technology, 2009, 20(8): 084001. DOI: 10.1088/0957-0233/20/8/084001."
58,primary_study,tactile_probe,yes,10.1299/jamdsm.4.995,"Murakami H, Katsuki A, Onikura H, et al. Development of a system for measuring micro hole accuracy using an optical fiber probe[J]. Journal of Advanced Mechanical Design, Systems, and Manufacturing, 2010, 4(5): 995-1004. DOI: 10.1299/jamdsm.4.995."
59,primary_study,tactile_probe,yes,10.1364/OE.18.002925,"Tan J, Wang F, Cui J. Fiber deflection probing method based on micro focal-length collimation[J]. Optics Express, 2010, 18(3): 2925-2933. DOI: 10.1364/OE.18.002925."
60,primary_study,tactile_probe,yes,10.1016/j.precisioneng.2012.12.008,"Claverley J D, Leach R K. Development of a three-dimensional vibrating tactile probe for miniature CMMs[J]. Precision Engineering, 2013, 37(2): 491-499. DOI: 10.1016/j.precisioneng.2012.12.008."
61,primary_study,tactile_probe,yes,10.1088/2051-672X/2/2/024002,"Xu M, Kirchhoff J, Brand U. Development of a traceable profilometer for high-aspect-ratio microstructures metrology[J]. Surface Topography: Metrology and Properties, 2014, 2(2): 024002. DOI: 10.1088/2051-672X/2/2/024002."
62,primary_study,tactile_probe,yes,10.1016/j.sna.2015.10.005,"Cui J, Bian X, He Z, Li L, Sun T. A 3D nano-resolution scanning probe for measurement of small structures with high aspect ratio[J]. Sensors and Actuators A: Physical, 2015, 235: 187-193. DOI: 10.1016/j.sna.2015.10.005."
63,primary_study,tactile_probe,yes,10.3390/app6050156,"Ito S, Kikuchi H, Chen Y, et al. A micro-coordinate measurement machine for large-scale dimensional measurement of micro-slits[J]. Applied Sciences, 2016, 6(5): 156. DOI: 10.3390/app6050156."
64,primary_study,tactile_probe,yes,10.1016/j.measurement.2016.04.023,"Elfurjani S, Ko J, Jun M B G. Micro-scale hole profile measurement using rotating wire probe and acoustic emission contact detection[J]. Measurement, 2016, 89: 215-222. DOI: 10.1016/j.measurement.2016.04.023."
65,primary_study,tactile_probe,yes,10.1364/OE.26.033523,"Chen Y, Cui J, Tan J. Spherical coupling probe for measuring inner dimensions of microstructures[J]. Optics Express, 2018, 26(26): 33523-33533. DOI: 10.1364/OE.26.033523."
66,primary_study,tactile_probe,yes,10.1088/1361-6501/ab46f0,"Fang C, Huang Q, Ding X, et al. Measurement and uncertainty evaluation of the microsphere used for micro-CMM probe[J]. Measurement Science and Technology, 2020, 31(2): 025004. DOI: 10.1088/1361-6501/ab46f0."
67,primary_study,tactile_probe,yes,10.1109/JSEN.2023.3330394,"He Y X, Lin R W, Li J, et al. Nanoprecision measurement of high-aspect-ratio microholes using sub-100-μm tungsten ball tip[J]. IEEE Sensors Journal, 2023, 23(24): 30893-30902. DOI: 10.1109/JSEN.2023.3330394."
68,primary_study,passive_endoscopic_vision,yes,10.3390/s18072243,"Wang D, Liu H, Cheng X. A miniature binocular endoscope with local feature matching and stereo matching for 3D measurement and 3D reconstruction[J]. Sensors, 2018, 18(7): 2243. DOI: 10.3390/s18072243."
69,primary_study,passive_endoscopic_vision,yes,10.1109/JSEN.2014.2328339,"Zhou F, Wang Y, Liu L, Cui Y, Gao H. Three-dimensional measurement approach in small FOV and confined space using an electronic endoscope[J]. IEEE Sensors Journal, 2014, 14(9): 3274-3282. DOI: 10.1109/JSEN.2014.2328339."
70,primary_study,passive_endoscopic_vision,yes,10.1016/j.compind.2022.103664,"Zhang D, Jackson W, Dobie G, West G, MacLeod C. Structure-from-motion based image unwrapping and stitching for small bore pipe inspections[J]. Computers in Industry, 2022, 139: 103664. DOI: 10.1016/j.compind.2022.103664."
71,primary_study,passive_endoscopic_vision,yes,10.1134/S1061830917090054,"Gorevoy A V, Machikhin A S, Khokhlov D D, et al. Applying a ray tracing model of an optoelectronic system to improve the accuracy of endoscopic measurements[J]. Russian Journal of Nondestructive Testing, 2017, 53(9): 660-668. DOI: 10.1134/S1061830917090054."
72,primary_study,passive_endoscopic_vision,yes,10.1364/JOSAA.36.001871,"Gorevoy A V, Machikhin A S, Khokhlov D D, Batshev V I. Modeling and optimization of a geometrical calibration procedure for stereoscopic video endoscopes[J]. Journal of the Optical Society of America A, 2019, 36(11): 1871-1881. DOI: 10.1364/JOSAA.36.001871."
73,primary_study,passive_endoscopic_vision,yes,10.1109/TIM.2020.2970372,"Yi Z, Chen Z, Jiang Z, Gui W. A novel 3-D high-temperature industrial endoscope with large field depth and wide field[J]. IEEE Transactions on Instrumentation and Measurement, 2020, 69(9): 6530-6543. DOI: 10.1109/TIM.2020.2970372."
74,primary_study,passive_endoscopic_vision,yes,10.1109/TIM.2025.3545538,"Guo W, Zhou F, Tan H, et al. Multidirectional stereo vision sensor with catadioptric units for measuring geometric parameters of pipeline inner walls[J]. IEEE Transactions on Instrumentation and Measurement, 2025, 74: 1-13. DOI: 10.1109/TIM.2025.3545538."
75,primary_study,active_optical_probe,yes,10.1016/j.optlaseng.2016.05.023,"Pösch A, Schlobohm J, Matthias S, Reithmeier E. Rigid and flexible endoscopes for three dimensional measurement of inside machine parts using fringe projection[J]. Optics and Lasers in Engineering, 2017, 89: 178-183. DOI: 10.1016/j.optlaseng.2016.05.023."
76,primary_study,active_optical_probe,yes,10.1515/teme-2016-0054,"Matthias S, Schlobohm J, Kästner M, Reithmeier E. Fringe projection profilometry using rigid and flexible endoscopes[J]. tm—Technisches Messen, 2017, 84(2): 123-129. DOI: 10.1515/teme-2016-0054."
77,primary_study,active_optical_probe,yes,10.1088/1361-6501/aad1e1,"Matthias S, Kästner M, Reithmeier E. A 3D measuring endoscope for hand-guided operation[J]. Measurement Science and Technology, 2018, 29(9): 094001. DOI: 10.1088/1361-6501/aad1e1."
78,primary_study,active_optical_probe,yes,10.3390/s19092084,"Hinz L, Kästner M, Reithmeier E. Metal forming tool monitoring based on a 3D measuring endoscope using CAD assisted registration[J]. Sensors, 2019, 19(9): 2084. DOI: 10.3390/s19092084."
79,primary_study,active_optical_probe,yes,10.1117/12.2583148,"Middendorf P, Hedrich K, Kästner M, Reithmeier E. Miniaturization of borescopic fringe projection systems for the inspection in confined spaces: A methodical analysis[C]//Proceedings of SPIE. 2021. DOI: 10.1117/12.2583148."
80,primary_study,active_optical_probe,yes,10.1364/AO.47.003868,"Albertazzi A G Jr, Hofmann A C, Fantin A V, Santos J M C. Photogrammetric endoscope for measurement of inner cylindrical surfaces using fringe projection[J]. Applied Optics, 2008, 47(21): 3868-3876. DOI: 10.1364/AO.47.003868."
81,primary_study,active_optical_probe,yes,10.1016/0263-2241(94)90003-5,"Inari T, Takashima K, Watanabe M, Fujimoto J. Optical inspection system for the inner surface of a pipe using detection of circular images projected by a laser source[J]. Measurement, 1994, 13(2): 99-106. DOI: 10.1016/0263-2241(94)90003-5."
82,primary_study,active_optical_probe,yes,10.1016/j.sna.2005.04.012,"Zhang G, He J, Li X. 3D vision inspection for internal surface based on circle structured light[J]. Sensors and Actuators A: Physical, 2005, 122(1): 68-75. DOI: 10.1016/j.sna.2005.04.012."
83,primary_study,active_optical_probe,yes,10.1117/12.689317,"Yoshizawa T, Yamamoto M, Wakayama T. Inner profile measurement of pipes and holes using a ring beam device[C]//Proceedings of SPIE. 2006, 6382: 63820D. DOI: 10.1117/12.689317."
84,primary_study,active_optical_probe,yes,10.1364/AO.55.001034,"Zhu Y, Gu Y, Jin Y, Zhai C. Flexible calibration method for an inner surface detector based on circle structured light[J]. Applied Optics, 2016, 55(5): 1034-1040. DOI: 10.1364/AO.55.001034."
85,primary_study,active_optical_probe,yes,10.1088/1361-6501/abe288,"Dong Y, Fang C, Zhu L, Yan N, Zhang X. The calibration method of the circle-structured light measurement system for inner surfaces considering systematic errors[J]. Measurement Science and Technology, 2021, 32(7): 075012. DOI: 10.1088/1361-6501/abe288."
86,primary_study,active_optical_probe,yes,10.1088/1361-6501/acc269,"Zhao H, Zhang Z, Fan M, Xia H, Yu L. Calibration of a circular structured light measurement system based on a multi-diameter calibrator[J]. Measurement Science and Technology, 2023, 34(6): 065017. DOI: 10.1088/1361-6501/acc269."
87,primary_study,active_optical_probe,yes,10.1063/5.0058223,"Pan S, Shao X, Wang H, Song B. A three-dimensional reconstruction method for the inner surface of a deep hole using a rotating mechanism[J]. Review of Scientific Instruments, 2021, 92(10): 105010. DOI: 10.1063/5.0058223."
88,primary_study,active_optical_probe,yes,10.3390/s21206911,"Hošek J, Linduška P. Simple modification of a commercial laser triangulation sensor for distance measurement of slot and bore side surfaces[J]. Sensors, 2021, 21(20): 6911. DOI: 10.3390/s21206911."
89,primary_study,active_optical_probe,yes,10.1109/ACP55869.2022.10088906,"Li X, Wang Y, Ni N, Yang R, Xie G. Multi-ring beam sensing system for three-dimensional measurement of the narrow inner surface profiles[C]//2022 Asia Communications and Photonics Conference. 2022: 1434-1437. DOI: 10.1109/ACP55869.2022.10088906."
90,primary_study,active_optical_probe,yes,10.3390/s24103158,"Zhao X, Du H, Yu D. Improving measurement accuracy of deep hole measurement instruments through perspective transformation[J]. Sensors, 2024, 24(10): 3158. DOI: 10.3390/s24103158."
91,primary_study,active_optical_probe,yes,10.3390/s24175790,"Du H, Zhao X, Yu D, Shi H, Zhou Z. Research on point cloud acquisition and calibration of deep hole inner surfaces based on collimated ring laser beams[J]. Sensors, 2024, 24(17): 5790. DOI: 10.3390/s24175790."
92,primary_study,active_optical_probe,yes,10.3788/LOP242214,"马瑞, 吴柏荣, 李保文, 李星辉. 基于光谱共焦原理的大深径比内孔参数旋转测量方法[J]. 激光与光电子学进展, 2025, 62(7): 0712003. DOI: 10.3788/LOP242214."
93,primary_study,active_optical_probe,yes,10.3390/s26113384,"Liu Y, Wang G, Yu D, Du H. A spectral confocal measurement method for high-aspect-ratio deep holes based on stepped ring gauge and hierarchical error compensation[J]. Sensors, 2026, 26(11): 3384. DOI: 10.3390/s26113384."
94,primary_study,active_optical_probe,yes,10.1364/AO.46.003425,"Depiereux F, Lehmann P, Pfeifer T, Schmitt R. Fiber-optical sensor with miniaturized probe head and nanometer accuracy based on spatially modulated low-coherence interferogram analysis[J]. Applied Optics, 2007, 46(17): 3425-3431. DOI: 10.1364/AO.46.003425."
95,primary_study,active_optical_probe,yes,10.1117/12.780535,"Schmitt R, König N, Depiereux F. Miniaturization and evaluation of fiber optic probes for low-coherence interferometry[C]//Proceedings of SPIE. 2008, 7003: 700304. DOI: 10.1117/12.780535."
96,primary_study,active_optical_probe,yes,10.1088/0957-0233/24/9/094001,"Ford H D, Tatam R P. Passive OCT probe head for 3D duct inspection[J]. Measurement Science and Technology, 2013, 24(9): 094001. DOI: 10.1088/0957-0233/24/9/094001."
97,primary_study,active_optical_probe,yes,10.1364/AO.54.007205,"Liu Z, Zhong Q, Yu X, Wang Q J, Zhang Y. High-resolution fiber profilometer for hard-to-access areas[J]. Applied Optics, 2015, 54(24): 7205-7212. DOI: 10.1364/AO.54.007205."
98,primary_study,active_optical_probe,yes,10.1299/transjsme.16-00492,"Asada T, Yamazaki H. Development of a 3-dimensional precision measuring method by optical endoscope: Evaluation of measuring accuracy of inner wall based on quartz pipe surface[J]. Transactions of the JSME, 2018, 84(857): 16-00492. DOI: 10.1299/transjsme.16-00492."
99,primary_study,industrial_application,yes,10.1016/j.measurement.2022.111069,"Song C, Jiao L, Wang X, et al. Development and testing of a multi-sensor measurement system for roundness and axis straightness errors of deep-hole parts[J]. Measurement, 2022, 198: 111069. DOI: 10.1016/j.measurement.2022.111069."
100,primary_study,industrial_application,yes,10.1016/j.precisioneng.2019.12.012,"Katsuki A, Sajima T, Murakami H, et al. Development of a laser-guiding-type deep small-sized hole-measurement system: Measurement accuracy[J]. Precision Engineering, 2020, 63: 18-32. DOI: 10.1016/j.precisioneng.2019.12.012."
101,primary_study,industrial_application,yes,10.3390/s24237847,"Liang J, Song X, Wang K, Han X. An on-machine measuring apparatus for dimension and form errors of deep-hole parts[J]. Sensors, 2024, 24(23): 7847. DOI: 10.3390/s24237847."
102,primary_study,industrial_application,yes,10.1080/15599612.2015.1059535,"Gong Y, Johnston R S, Melville C D, Seibel E J. Axial-stereo 3-D optical metrology for inner profile of pipes using a scanning laser endoscope[J]. International Journal of Optomechatronics, 2015, 9(3): 238-247. DOI: 10.1080/15599612.2015.1059535."
103,primary_study,industrial_application,yes,10.1016/j.autcon.2022.104231,"Shang Z, Shen Z. Single-pass inline pipeline 3D reconstruction using depth camera array[J]. Automation in Construction, 2022, 138: 104231. DOI: 10.1016/j.autcon.2022.104231."
104,review,industrial_application,no,10.3390/s24072152,"Yan S, Shi J, Li G, et al. Advances in aeroengine cooling hole measurement: A comprehensive review[J]. Sensors, 2024, 24(7): 2152. DOI: 10.3390/s24072152."
105,primary_study,industrial_application,yes,10.1117/12.2184709,"Munkelt C, Kühmstedt P, Aschermann L, Seidel F. Automatic complete high-precision optical 3D measurement of air cooling-holes of gas turbine vanes for repair[C]//Proceedings of SPIE. 2015, 9525: 952512. DOI: 10.1117/12.2184709."
106,review,industrial_application,no,10.1177/0020294019877514,"Yu B, Ke H, Shen E, Zhang T. A review of blade tip clearance-measuring technologies for gas turbine engines[J]. Measurement and Control, 2020, 53(3-4): 339-357. DOI: 10.1177/0020294019877514."
107,primary_study,industrial_application,yes,10.3390/s25103145,"Zhao Z, Zhao L, Lyu Y, Liu Z. Experimental verification of high-temperature resistance and high resolution of inductive tip clearance measurement system[J]. Sensors, 2025, 25(10): 3145. DOI: 10.3390/s25103145."
108,primary_study,pose_calibration_traceability,yes,10.1088/0957-0233/27/8/085010,"Gao Y, Kyle S, Lin J, et al. Laser tracker orientation in confined space using on-board targets[J]. Measurement Science and Technology, 2016, 27(8): 085010. DOI: 10.1088/0957-0233/27/8/085010."
109,primary_study,pose_calibration_traceability,yes,10.3390/s23041762,"Han L, Yu L, Zhu X. A novel method for pose and position calibration of laser displacement sensors[J]. Sensors, 2023, 23(4): 1762. DOI: 10.3390/s23041762."
110,primary_study,pose_calibration_traceability,yes,10.1109/TIM.2024.3390210,"Zhang B, Jiang K, Lin J. A novel in situ calibration method based on virtual planes for fringe projection profilometry[J]. IEEE Transactions on Instrumentation and Measurement, 2024, 73: 1-8. DOI: 10.1109/TIM.2024.3390210."
